Name,Team,Position,Total Points,Average Points
OG Anunoby,TOR,"SF, PF",540,36.0
Spencer Dinwiddie,WSH,"SG, PG",637,25.5
Kyle Kuzma,WSH,"PF, SF",760,27.1
Jordan Poole,GS,"SG, PG",811,29.0
Ben Simmons,PHI,PG,0,0.0
RJ Barrett,NY,"SF, SG",570,22.8
Nickeil Alexander-Walker,NO,SG,687,22.9
Kyrie Irving,BKN,"PG, SG",0,0.0
P.J. Washington,CHA,"PF, C",447,26.3
Seth Curry,PHI,"SG, PG",755,28.0
Tim Hardaway,DAL,"SG, SF",691,24.7
Ivica Zubac,LAC,C,728,25.1
Carmelo Anthony,LAL,"PF, SF",676,23.3
Kemba Walker,NY,PG,422,23.4
Jalen Green,HOU,SG,321,17.8
Mitchell Robinson,NY,C,639,24.6
Robert Covington,POR,"PF, SF",601,20.7
Eric Bledsoe,LAC,"PG, SG",660,22.8
Michael Porter,DEN,"SF, PF",183,20.3
Derrick Rose,NY,PG,659,25.3
Ricky Rubio,CLE,PG,831,27.7
Evan Fournier,NY,"SG, SF",589,20.3
Bogdan Bogdanovic,ATL,"SG, SF",452,22.6
Joe Ingles,UTAH,"SF, SG, PF",522,19.3
Saddiq Bey,DET,SF,614,22.7
Collin Sexton,CLE,"SG, PG",222,20.2
Lauri Markkanen,CLE,"PF, SF",530,25.2
Josh Giddey,OKC,"PG, SG",698,27.9
Andre Drummond,PHI,C,681,23.5
Jonathan Isaac,ORL,"PF, SF",0,0.0
Thaddeus Young,SA,"PF, SF, C",384,17.5
Marvin Bagley,SAC,PF,214,16.5
Jalen Brunson,DAL,PG,794,29.4
Steven Adams,MEM,C,662,22.8
Daniel Theis,HOU,"C, PF",360,18.0
Alex Caruso,CHI,"PG, SG",658,27.4
Donte DiVincenzo,MIL,"SG, PG",0,0.0
Brook Lopez,MIL,C,28,28.0
LaMarcus Aldridge,BKN,"PF, C",696,27.8
Malik Beasley,MIN,"SG, SF",513,18.3
Killian Hayes,DET,PG,407,18.5
Joe Harris,BKN,"SG, SF",274,19.6
T.J. McConnell,IND,PG,596,24.8
Kawhi Leonard,LAC,"SF, PF",0,0.0
Brandon Clarke,MEM,"PF, C",377,19.8
Luguentz Dort,OKC,"SG, SF",646,25.8
Jamal Murray,DEN,"PG, SG",0,0.0
Kyle Anderson,MEM,"SF, PF",578,23.1
Mason Plumlee,CHA,C,493,23.5
Chris Duarte,IND,SG,633,21.8
T.J. Warren,IND,SF,0,0.0
Alperen Sengun,HOU,C,623,22.3
Kelly Olynyk,DET,"C, PF",270,27.0
Thomas Bryant,WSH,C,0,0.0
Jae Crowder,PHX,"PF, SF",608,21.7
John Wall,HOU,PG,0,0.0
Duncan Robinson,MIA,"SG, SF",593,20.4
Kevin Huerter,ATL,"SG, SF",556,20.6
Kevin Love,CLE,PF,513,23.3
Grayson Allen,MIL,SG,669,23.1
James Wiseman,GS,C,0,0.0
Dorian Finney-Smith,DAL,"SF, PF",663,23.7
Marcus Morris,LAC,"PF, SF",299,23.0
Talen Horton-Tucker,LAL,"SG, SF",365,24.3
Eric Gordon,HOU,SG,556,23.2
De'Anthony Melton,MEM,"PG, SG",640,24.6
Royce O'Neale,UTAH,"SF, PF",635,25.4
Darius Bazley,OKC,"SF, PF",567,21.0
JaVale McGee,PHX,C,623,22.3
Patrick Beverley,MIN,PG,539,27.0
Kentavious Caldwell-Pope,WSH,"SG, SF",663,22.1
Victor Oladipo,MIA,SG,0,0.0
Anfernee Simons,POR,"SG, PG",519,20.8
Terance Mann,LAC,SF,573,20.5
Cameron Johnson,PHX,SF,553,19.8
Markelle Fultz,ORL,PG,0,0.0
P.J. Tucker,MIA,"SF, PF",612,21.1
Coby White,CHI,PG,79,8.8
Cam Reddish,ATL,"SF, SG",436,18.2
De'Andre Hunter,ATL,"SF, PF",173,15.7
Devin Vassell,SA,"SG, SF",535,24.3
Terrence Ross,ORL,"SG, SF",475,17.0
Isaac Okoro,CLE,SF,432,18.8
Delon Wright,ATL,"SG, PG",305,11.7
Luke Kennard,LAC,SG,634,21.9
Nicolas Batum,LAC,"SF, SG",381,25.4
Dewayne Dedmon,MIA,C,487,16.8
Danilo Gallinari,ATL,"PF, SF",469,18.8
Danny Green,PHI,"SG, SF",457,19.9
Dwight Howard,LAL,C,394,15.8
Matisse Thybulle,PHI,"SF, SG",451,19.6
Rui Hachimura,WSH,"PF, SF",0,0.0
Otto Porter,GS,SF,435,18.1
Davion Mitchell,SAC,PG,577,19.9
Larry Nance,POR,PF,538,18.6
Precious Achiuwa,TOR,"PF, C",402,19.1
Shake Milton,PHI,"PG, SG",547,21.9
Serge Ibaka,LAC,"C, PF",107,9.7
Doug McDermott,SA,"SF, PF",336,16.8
Isaiah Hartenstein,LAC,"PF, C",657,23.5
Nerlens Noel,NY,C,270,18.0
Immanuel Quickley,NY,PG,526,18.1
Patrick Williams,CHI,"SF, PF",72,14.4
Isaiah Roby,OKC,"PF, C",156,12.0
Willy Hernangomez,NO,C,314,20.9
Enes Freedom,BOS,C,185,10.9
Malik Monk,LAL,SG,528,18.9
Goran Dragic,TOR,PG,90,18.0
Rudy Gay,UTAH,PF,235,18.1
Nic Claxton,BKN,"C, PF",188,17.1
Lonnie Walker,SA,"SF, SG",476,18.3
Terence Davis,SAC,SG,317,15.9
Gary Payton,GS,PG,464,18.6
Cedi Osman,CLE,SF,512,21.3
DeAndre Jordan,LAL,C,355,15.4
Cameron Payne,PHX,PG,414,18.0
Herbert Jones,NO,SF,545,20.2
Rajon Rondo,LAL,PG,175,12.5
Isaiah Thomas,NO,PG,0,0.0
Andre Iguodala,GS,"SF, SG",245,17.5
DeMarcus Cousins,MIL,C,73,10.4
Jeff Green,DEN,PF,447,16.0
Aleksej Pokusevski,OKC,PF,297,11.4
Kevon Looney,GS,PF,501,17.9
Nassir Little,POR,"SF, PF",484,19.4
Justin Holiday,IND,"SG, SF",448,17.9
Nemanja Bjelica,GS,PF,439,15.7
Obi Toppin,NY,PF,435,16.7
Moses Brown,DAL,C,98,7.0
Armoni Brooks,HOU,PG,334,13.4
Kendrick Nunn,LAL,SG,0,0.0
Khem Birch,TOR,C,290,19.3
Georges Niang,PHI,PF,515,18.4
Cam Thomas,BKN,SG,219,10.0
Bruce Brown,BKN,SG,446,18.6
Gary Harris,ORL,SG,318,14.5
Saben Lee,DET,PG,186,15.5
Gabe Vincent,MIA,PG,410,15.8
Chuma Okeke,ORL,PF,316,13.7
Grant Williams,BOS,PF,479,17.1
Naz Reid,MIN,C,441,17.0
Facundo Campazzo,DEN,PG,464,17.2
Deni Avdija,WSH,SF,538,17.9
Josh Richardson,BOS,"SG, SF",363,18.2
George Hill,MIL,"PG, SG",418,17.4
Furkan Korkmaz,PHI,SG,447,16.6
Kenrich Williams,OKC,SF,427,17.8
Caleb Martin,MIA,"SG, SF",402,17.5
Dwight Powell,DAL,C,410,14.6
James Bouknight,CHA,SG,73,5.6
Maxi Kleber,DAL,PF,352,18.5
Dennis Smith,POR,PG,265,16.6
Tristan Thompson,SAC,"C, PF",287,13.7
Hamidou Diallo,DET,SG,299,15.0
Frank Kaminsky,PHX,"C, PF",221,24.6
Jeremy Lamb,IND,"SG, SF",319,13.3
Jonathan Kuminga,GS,"SF, PF",100,5.9
Frank Jackson,DET,PG,401,14.9
Derrick Favors,OKC,"C, PF",296,14.1
Bol Bol,DEN,C,45,4.5
Lou Williams,ATL,SG,253,11.0
Jaxson Hayes,NO,C,224,11.2
Davis Bertans,WSH,PF,193,9.7
Tacko Fall,CLE,C,11,1.6
Damion Lee,GS,"SF, SG",297,13.5
Chimezie Metu,SAC,C,328,20.5
Josh Jackson,DET,"SF, SG",313,13.6
Kenyon Martin,HOU,SF,446,15.9
Marc Gasol,LAL,C,0,0.0
Ish Smith,CHA,PG,195,10.8
Paul Millsap,BKN,PF,198,9.4
Jeremiah Robinson-Earl,OKC,"PF, C",412,15.3
Tomas Satoransky,NO,"PG, SG",184,7.4
Landry Shamet,PHX,SG,380,14.1
Bones Hyland,DEN,PG,279,14.7
Reggie Bullock,DAL,"SF, SG",266,9.9
Bryn Forbes,SA,"SG, PG",293,11.3
Jordan Nwora,MIL,SF,296,12.3
Juan Toscano-Anderson,GS,"PF, SF",373,13.8
Austin Reaves,LAL,SG,191,11.2
Cory Joseph,DET,PG,375,15.6
Thanasis Antetokounmpo,MIL,SF,211,10.0
Onyeka Okongwu,ATL,C,0,0.0
Jaden McDaniels,MIN,SF,391,15.6
Josh Christopher,HOU,SG,219,10.4
Raul Neto,WSH,PG,432,14.9
Kent Bazemore,LAL,"SG, SF",201,10.1
Ayo Dosunmu,CHI,SG,290,11.6
Willie Cauley-Stein,DAL,C,109,6.1
Brandon Boston,LAC,SG,153,10.2
Quentin Grimes,NY,SG,87,7.9
Derrick Jones,CHI,SF,382,17.4
R.J. Hampton,ORL,PG,382,13.2
Jalen McDaniels,CHA,PF,315,13.7
Kira Lewis,NO,PG,257,10.7
Moses Moody,GS,SG,46,2.6
Taurean Prince,MIN,"SF, PF",222,9.3
Miles McBride,NY,PG,86,12.3
Trey Lyles,DET,PF,344,12.7
Trevor Ariza,LAL,SF,0,0.0
